"Record ID","Date","INA","<22","22-24","25-34","35-44","45-54","55-59","60-64",">=65"
"08012011","08/01/2011","56","1,665","3,558","15,074","13,835","15,232","5,859","3,879","2,906"
"07012011","07/01/2011","58","1,609","3,768","15,999","14,954","16,600","6,318","4,291","3,224"
"09012011","09/01/2011","51","1,639","3,170","13,500","11,949","13,051","4,987","3,158","1,976"
"02012012","02/01/2012","51","1,400","3,702","15,728","14,101","15,917","6,131","3,843","3,092"
"10012011","10/01/2011","58","1,578","3,120","12,590","11,166","12,481","4,681","2,862","1,818"
"11012011","11/01/2011","53","2,142","3,799","14,715","12,926","14,104","5,313","3,175","2,109"
"12012011","12/01/2011","64","2,036","3,662","14,487","12,946","14,113","5,310","3,119","2,188"
"01012012","01/01/2012","50","1,466","3,836","16,666","15,051","16,808","6,483","4,152","3,469"
"03012012","03/01/2012","47","1,178","3,084","13,401","12,476","14,052","5,370","3,390","2,647"
"06012012","06/01/2012","39","1,119","2,569","11,380","11,266","12,841","5,115","3,220","2,611"
"07012012","07/01/2012","30","1,201","2,907","12,406","12,214","13,566","5,418","3,484","2,764"
"05012012","05/01/2012","40","1,125","2,660","11,487","10,874","12,004","4,584","2,799","1,864"
"04012012","04/01/2012","38","1,056","2,639","11,820","10,734","12,112","4,705","2,870","1,968"
"08012012","08/01/2012","37","1,353","2,913","11,834","10,917","12,161","4,792","2,899","1,974"
"09012012","09/01/2012","37","1,337","2,676","11,358","10,544","11,942","4,642","2,751","1,641"
"10012012","10/01/2012","42","1,206","2,448","10,251","9,281","10,158","3,911","2,396","1,508"
"11012012","11/01/2012","32","1,112","2,139","9,165","8,172","9,486","3,719","2,252","1,556"
"12012012","12/01/2012","85","1,806","3,288","13,026","11,693","12,909","5,012","2,916","1,932"
"01012013","01/01/2013","41","1,263","3,569","15,857","14,485","16,250","6,749","4,215","3,313"
"02012013","02/01/2013","44","1,110","3,132","13,892","12,818","13,868","5,828","3,579","2,932"
"04012013","04/01/2013","32","853","2,331","10,610","9,974","11,116","4,416","2,868","1,763"
"05012013","05/01/2013","40","749","2,102","9,704","8,895","10,080","4,158","2,730","1,676"
"06012013","06/01/2013","0","809","2,350","10,450","9,914","11,303","4,834","3,183","2,536"
"07012013","07/01/2013","53","966","2,393","10,648","10,409","11,784","5,163","3,262","2,551"
"08012013","08/01/2013","44","933","2,381","10,367","10,131","11,284","4,715","2,955","2,009"
"09012013","09/01/2013","37","920","2,234","9,434","8,705","9,441","4,011","2,373","1,463"
"10012013","10/01/2013","29","864","2,078","8,977","8,330","8,961","3,789","2,226","1,375"
"11012013","11/01/2013","40","1,068","2,355","10,015","9,166","9,876","4,019","2,434","1,621"
"12012013","12/01/2013","43","1,241","2,626","11,591","10,548","11,325","4,611","2,660","1,796"
"01012014","01/01/2014","2","1,063","2,963","14,279","13,606","14,678","6,468","3,984","3,127"
"02012014","02/01/2014","0","1,075","2,937","14,149","13,547","15,003","6,722","3,978","3,117"
"03012014","03/01/2014","0","777","2,230","10,953","10,911","11,947","5,166","3,282","2,225"
"04012014","04/01/2014","0","638","1,765","8,795","8,380","9,309","4,131","2,536","1,543"
"05012014","05/01/2014","1","693","1,825","8,184","8,016","8,859","3,792","2,395","1,446"
"06012014","06/01/2014","3","689","1,866","8,645","8,596","9,756","4,206","2,826","2,211"
"07012014","07/01/2014","2","696","1,917","8,988","8,870","9,812","4,360","2,833","2,220"
"08012014","08/01/2014","2","737","1,785","8,484","8,011","8,712","3,829","2,427","1,826"
"09012014","09/01/2014","1","683","1,644","7,647","7,303","7,911","3,500","1,989","1,297"
"10012014","10/01/2014","1","675","1,683","7,389","6,967","7,381","3,263","1,954","1,292"
"11012014","11/01/2014","1","767","1,714","7,727","7,275","7,795","3,437","2,099","1,442"
"12012014","12/01/2014","0","912","1,987","8,773","7,977","8,735","3,806","2,218","1,591"
"01012015","01/01/2015","0","753","2,368","11,505","11,333","11,856","5,541","3,422","2,689"
"02012015","02/01/2015","2","841","2,182","10,792","10,392","11,699","5,214","3,202","2,494"
"03012015","03/01/2015","0","593","1,741","9,107","9,034","9,925","4,564","2,815","1,996"
"04012015","04/01/2015","0","416","1,283","7,034","6,816","7,477","3,515","2,133","1,347"
"05012015","05/01/2015","0","402","1,144","6,467","6,180","6,881","3,259","2,128","1,267"
"06012015","06/01/2015","0","500","1,293","7,169","7,145","8,184","3,870","2,583","2,106"
"07012015","07/01/2015","0","509","1,343","7,219","7,650","8,369","3,929","2,631","2,189"
"08012015","08/01/2015","0","580","1,337","7,461","7,439","7,940","3,651","2,444","1,844"
"09012015","09/01/2015","0","551","1,177","6,209","6,089","6,374","2,980","1,898","1,134"
"10012015","10/01/2015","3","507","1,141","5,643","5,701","5,958","2,768","1,764","1,096"
"11012015","11/01/2015","1","596","1,190","6,226","5,808","6,367","2,881","1,788","1,190"
"01012016","01/01/2016","2","734","1,866","9,426","9,241","9,975","4,855","3,082","2,546"
"02012016","02/01/2016","1","782","1,915","9,873","9,423","9,781","4,824","3,008","2,368"
"03012016","03/01/2016","0","440","1,242","7,343","7,257","7,513","3,716","2,386","1,667"
"04012016","04/01/2016","0","258","838","5,151","5,193","5,378","2,655","1,742","993"
"05012016","05/01/2016","1","343","1,106","5,431","5,250","5,552","2,653","1,613","920"
"06012016","06/01/2016","0","388","975","5,520","5,527","6,034","3,093","2,118","1,749"
"08012016","08/01/2016","0","503","1,158","6,725","7,108","7,624","3,817","2,571","2,038"
"09012016","09/01/2016","0","479","1,042","5,815","5,801","5,939","2,887","1,841","1,085"
"12012016","12/01/2016","0","591","1,254","6,471","6,543","6,923","3,425","2,044","1,590"
"01012017","01/01/2017","0","566","1,527","8,283","8,412","8,700","4,529","2,971","2,444"
"02012017","02/01/2017","0","529","1,392","7,631","7,822","8,106","4,131","2,744","2,303"
"03012017","03/01/2017","0","320","1,082","6,380","6,873","7,345","3,813","2,530","1,772"
"04012017","04/01/2017","0","276","880","5,377","5,587","5,836","2,978","1,969","1,191"
"05012017","05/01/2017","0","257","929","5,201","5,342","5,746","2,872","1,942","1,152"
"06012017","06/01/2017","0","310","913","5,709","6,157","6,662","3,477","2,501","1,957"
"07012017","07/01/2017","0","421","1,229","7,026","7,200","7,355","3,741","2,729","2,140"
"08012017","08/01/2017","0","368","980","5,902","6,350","6,684","3,474","2,495","2,032"
"09012017","09/01/2017","0","300","788","4,546","4,832","4,901","2,484","1,732","1,162"
"10012017","10/01/2017","0","372","1,049","5,624","5,989","6,039","2,937","1,912","1,210"
"11012017","11/01/2017","0","422","999","5,455","5,671","6,053","2,972","1,952","1,334"
"12012017","12/01/2017","0","531","1,085","5,726","5,971","6,245","3,188","2,104","1,460"
"01012018","01/01/2018","0","549","1,399","7,898","8,500","8,392","4,658","3,121","2,467"
"02012018","02/01/2018","0","482","1,232","7,003","7,451","7,554","4,166","2,839","2,275"
"03012018","03/01/2018","0","291","866","5,450","6,022","6,170","3,463","2,330","1,639"
"04012018","04/01/2018","0","225","685","4,642","5,094","5,256","2,845","1,886","1,195"
"05012018","05/01/2018","0","234","827","5,315","5,519","5,706","2,867","1,898","1,204"
"06012018","06/01/2018","0","244","753","4,910","5,443","5,682","3,143","2,343","1,888"
"07012018","07/01/2018","0","305","835","5,472","6,049","6,298","3,407","2,589","2,168"
"08012018","08/01/2018","0","270","624","4,456","4,915","5,120","2,648","1,979","1,422"
"09012018","09/01/2018","0","222","562","3,743","4,234","4,346","2,246","1,720","1,055"
"10012018","10/01/2018","0","223","548","3,845","4,250","4,300","2,292","1,677","1,094"
"11012018","11/01/2018","0","285","628","3,914","4,290","4,512","2,452","1,716","1,168"
"12012018","12/01/2018","0","483","882","4,785","5,134","5,178","2,893","1,986","1,473"
"01012019","01/01/2019","0","406","1,094","6,106","6,914","6,846","4,036","2,958","2,534"
"07012019","07/01/2019","0","286","709","4,799","5,703","5,698","3,108","2,487","2,055"
"08012019","08/01/2019","0","234","529","3,777","4,488","4,433","2,375","1,892","1,284"
"11012019","11/01/2019","0","328","645","3,766","4,406","4,323","2,313","1,639","1,071"
"12012019","12/01/2019","0","424","783","4,294","4,685","4,519","2,486","1,690","1,229"
"01012020","01/01/2020","0","385","1,061","6,165","6,768","6,584","3,631","2,797","2,283"
"02012020","02/01/2020","0","440","1,031","5,627","6,263","5,994","3,432","2,590","2,096"
"03012020","03/01/2020","0","282","719","4,424","5,200","4,974","2,777","2,190","1,677"
"04012020","04/01/2020","0","15,842","21,504","68,736","54,273","44,939","22,450","18,070","15,831"
"05012020","05/01/2020","0","16,379","21,482","67,821","52,651","43,800","21,893","17,966","17,286"
"06012020","06/01/2020","0","12,946","17,622","56,057","43,255","34,922","17,717","14,787","15,230"
"07012020","07/01/2020","0","9,965","14,286","49,190","38,956","30,578","15,320","12,777","12,663"
"08012020","08/01/2020","0","5,699","8,363","31,607","25,461","20,633","10,277","8,739","8,765"
"10012020","10/01/2020","0","2,527","3,851","15,472","13,006","10,362","5,185","4,052","3,437"
"11012020","11/01/2020","0","1,937","2,956","12,535","10,676","8,452","4,250","3,395","2,714"
"12012020","12/01/2020","0","1,939","2,815","12,033","10,166","8,591","4,277","3,387","2,643"
"01012021","01/01/2021","0","2,015","3,351","14,311","12,780","10,380","5,116","4,343","3,621"
"02012021","02/01/2021","0","2,016","3,585","15,489","14,179","11,687","5,661","4,643","3,635"
"04012021","04/01/2021","0","1,795","3,165","14,001","12,841","10,329","4,983","3,829","2,872"
"05012021","05/01/2021","0","1,728","2,949","14,155","13,584","11,436","5,381","4,347","3,001"
"06012021","06/01/2021","0","1,223","2,258","12,085","12,334","10,608","5,127","4,270","3,426"
"07012021","07/01/2021","0","809","1,588","9,809","10,406","8,915","4,583","3,889","3,537"
"08012021","08/01/2021","0","552","1,227","6,778","7,413","6,537","3,418","3,049","3,213"
"09012021","09/01/2021","0","506","994","6,795","6,915","6,494","3,133","2,367","1,671"
"10012021","10/01/2021","0","310","682","3,579","3,970","3,409","1,693","1,427","1,073"
"11012021","11/01/2021","0","326","669","3,851","4,229","3,793","1,886","1,471","1,086"
"12012021","12/01/2021","0","379","711","4,156","4,591","4,210","2,235","1,659","1,135"
"02012022","02/01/2022","0","407","922","5,247","5,694","5,339","2,659","2,324","1,810"
"03012022","03/01/2022","0","238","580","3,046","3,732","3,382","1,804","1,617","1,283"
"04012022","04/01/2022","0","175","421","2,546","3,082","2,556","1,450","1,229","858"
"05012022","05/01/2022","0","178","450","2,381","2,916","2,494","1,339","1,203","869"
"08012022","08/01/2022","0","260","590","3,255","3,839","3,503","1,901","1,699","1,739"
"09012022","09/01/2022","0","263","444","2,674","2,979","2,639","1,290","1,080","744"
"10012022","10/01/2022","0","282","489","3,070","3,396","3,156","1,483","1,233","850"
"11012022","11/01/2022","0","292","467","2,785","3,164","2,793","1,383","1,131","851"
"12012022","12/01/2022","0","402","706","3,535","3,852","3,253","1,726","1,377","1,141"
"01012023","01/01/2023","0","511","923","4,789","5,543","4,847","2,310","2,315","1,974"
"02012023","02/01/2023","0","484","856","4,324","4,816","4,356","2,124","2,097","1,801"
"03012023","03/01/2023","0","305","618","3,556","4,213","3,732","1,931","1,918","1,354"
"04012023","04/01/2023","0","220","458","2,988","3,549","3,134","1,434","1,365","962"
"05012023","05/01/2023","0","222","476","3,051","3,528","3,105","1,465","1,431","1,007"
"06012023","06/01/2023","0","225","552","3,581","4,118","3,807","1,982","1,864","1,754"
"07012023","07/01/2023","0","227","610","3,950","4,527","4,240","2,263","2,043","2,000"
"08012023","08/01/2023","0","413","818","4,468","4,953","4,585","2,398","2,169","2,036"
"09012023","09/01/2023","0","245","527","3,350","3,822","3,392","1,697","1,439","1,017"
"10012023","10/01/2023","0","270","538","3,446","4,083","3,758","1,830","1,578","1,053"
"11012023","11/01/2023","0","278","523","3,304","3,990","3,492","1,783","1,519","1,101"
"01012024","01/01/2024","0","402","937","5,123","6,053","5,573","2,661","2,481","2,230"
"02012024","02/01/2024","0","411","855","4,691","5,733","5,117","2,441","2,327","2,085"
"03012024","03/01/2024","0","256","635","3,823","4,704","4,306","2,127","1,998","1,556"
"04012024","04/01/2024","0","218","518","3,320","4,119","3,581","1,746","1,634","1,162"
"05012024","05/01/2024","0","249","504","3,490","4,359","3,642","1,800","1,618","1,275"
"06012024","06/01/2024","0","279","546","3,818","4,717","4,239","2,106","1,988","1,968"
"08012024","08/01/2024","0","248","515","3,746","4,666","4,128","1,969","1,888","1,827"
"09012024","09/01/2024","0","254","509","3,367","4,000","3,427","1,644","1,455","1,085"
"10012024","10/01/2024","0","321","577","3,644","4,267","3,616","1,697","1,510","1,123"
"01012025","01/01/2025","0","566","1,156","6,459","7,714","7,203","3,277","3,073","2,631"
"02012025","02/01/2025","0","467","869","5,086","6,324","5,876","2,839","2,670","2,476"
"03012025","03/01/2025","0","282","575","3,979","5,100","4,925","2,348","2,150","1,933"
"04012025","04/01/2025","0","202","495","3,681","4,708","4,465","2,082","1,900","1,476"
"05012025","05/01/2025","0","221","460","3,390","4,460","4,002","1,908","1,787","1,529"
"06012025","06/01/2025","0","239","593","3,867","5,027","4,622","2,227","2,150","2,308"
"07012025","07/01/2025","0","294","662","4,417","5,543","5,205","2,491","2,414","2,525"
"08012025","08/01/2025","0","272","550","3,787","4,669","4,397","2,176","1,977","2,127"
"09012025","09/01/2025","0","241","516","3,315","4,263","3,858","1,823","1,575","1,303"
"10012025","10/01/2025","0","371","627","3,960","5,279","4,745","2,211","1,859","1,445"
"01012026","01/01/2026","0","499","939","5,044","6,651","5,898","2,898","2,565","2,484"
"02012026","02/01/2026","0","455","803","4,412","5,605","5,024","2,516","2,192","2,232"
"03012026","03/01/2026","0","333","584","3,521","4,702","4,390","2,104","1,852","1,764"
"04012026","04/01/2026","0","230","421","2,973","4,124","3,792","1,734","1,540","1,315"
"05012026","05/01/2026","0","224","414","3,094","4,205","3,785","1,758","1,572","1,350"
"06012026","06/01/2026","0","232","458","3,396","4,635","4,154","2,022","1,900","2,196"
